환자명,병실,병동,체온(℃),수축기혈압,SpO2(%),낙상위험점수,체온판정,혈압판정,위험등급,발열환자 수 합계,내과 평균체온
김영희,301호,내과,36.8,120,98,3,,,,
이철수,302호,외과,39.2,150,94,7,,,,
박미순,303호,산부인과,36.3,118,99,2,,,,
최준호,304호,내과,37.1,118,97,5,,,,
정수연,305호,신경과,38.9,145,93,8,,,,
한동훈,306호,외과,36.5,110,99,1,,,,
윤서아,307호,내과,37.6,130,96,4,,,,
강민재,308호,신경과,40.1,165,89,9,,,,
조은영,309호,산부인과,38.1,125,95,6,,,,
임현수,310호,내과,36.9,115,98,3,,,,

[수식 실습 안내]
1. H2 (체온판정): =IF(D2>=38,"발열","정상")
2. I2 (혈압판정): =IFS(E2>=140,"고혈압",E2>=120,"주의",E2>=90,"정상",TRUE,"저혈압")
3. J2 (위험등급): =IF(G2>=7,"고위험",IF(G2>=4,"중위험","저위험"))
4. K2 (발열환자 수): =COUNTIF(D2:D11,">=38")
5. L2 (내과 평균체온): =AVERAGEIF(C2:C11,"내과",D2:D11)

[조회 실습 - M2 셀에 환자명 입력 후 체온 조회]
조회환자명 입력 → N2: =IFERROR(VLOOKUP(M2,A2:J11,4,0),"없음")
* VLOOKUP 결과가 오류인 경우(명단에 없는 이름 등): #N/A 대신 지정해 둔 "없음"이라는 텍스트를 출력합니다.
